auc,accuracy,sensitivity,specificity
0.7703569861802222,0.6936372822192963,0.6709942129275238,0.716280351511069
